company_name,sector,ticker,fiscal_year,revenue,ebitda,ebit,net_profit,total_assets,total_equity,total_debt,cfo,current_ratio,quick_ratio,roe,roce,ebitda_margin,interest_coverage,debt_equity,debt_ebitda,cfo_margin,asset_turnover,credit_score,credit_rating
Ashok Leyland,Auto,ASHOKLEY,2021,19454.00,3298.00,2462.00,-70.00,42058.00,7862.00,24077.00,-1065.00,3.18,2.93,-0.89,7.71,16.95,1.30,3.06,7.30,-5.47,0.46,39.08,C/D
Ashok Leyland,Auto,ASHOKLEY,2022,26237.00,3631.00,2765.00,-285.00,43574.00,7304.00,24145.00,2845.00,2.70,2.49,-3.90,8.79,13.84,1.48,3.31,6.65,10.84,0.60,55.83,BB
Ashok Leyland,Auto,ASHOKLEY,2023,41673.00,5993.00,5093.00,1362.00,54679.00,8554.00,31161.00,-4499.00,2.77,2.54,15.92,12.82,14.38,2.43,3.64,5.20,-10.80,0.76,50.59,BB
Ashok Leyland,Auto,ASHOKLEY,2024,45703.00,8783.00,7856.00,2696.00,67595.00,9005.00,40802.00,-6258.00,3.19,2.96,29.94,15.77,19.22,2.63,4.53,4.65,-13.69,0.68,54.68,BB
Ashok Leyland,Auto,ASHOKLEY,2025,42333.00,4093.00,3006.00,3383.00,81546.00,12232.00,49962.00,128.00,3.39,3.18,27.66,4.83,9.67,0.76,4.08,12.21,0.30,0.52,46.33,B
Bajaj Auto,Auto,BAJAJ-AUTO,2021,27741.00,5197.00,4938.00,4857.00,33602.00,27273.00,121.00,3120.00,1.17,0.92,17.81,18.03,18.73,705.43,0.00,0.02,11.25,0.83,80.51,AA
Bajaj Auto,Auto,BAJAJ-AUTO,2022,33145.00,5529.00,5259.00,6166.00,35111.00,29859.00,123.00,4197.00,1.28,1.04,20.65,17.54,16.68,584.33,0.00,0.02,12.66,0.94,84.34,AA
Bajaj Auto,Auto,BAJAJ-AUTO,2023,36455.00,6751.00,6465.00,6060.00,35136.00,29362.00,124.00,5277.00,1.07,0.79,20.64,21.93,18.52,161.62,0.00,0.02,14.48,1.04,81.42,AA
Bajaj Auto,Auto,BAJAJ-AUTO,2024,44870.00,9130.00,8765.00,7708.00,39344.00,28962.00,1912.00,6558.00,0.95,0.75,26.61,28.39,20.35,146.08,0.07,0.21,14.62,1.14,80.25,AA
Bajaj Auto,Auto,BAJAJ-AUTO,2025,50995.00,9969.00,9555.00,7325.00,54110.00,35188.00,9364.00,-1406.00,2.25,2.03,20.82,21.45,19.55,24.56,0.27,0.94,-2.76,0.94,74.67,A
Hero MotoCorp,Auto,HEROMOTOCO,2021,30959.00,4773.00,4058.00,2936.00,23096.00,15416.00,584.00,4110.00,0.79,0.54,19.05,25.36,15.42,88.22,0.04,0.12,13.28,1.34,69.46,BBB
Hero MotoCorp,Auto,HEROMOTOCO,2022,29551.00,3946.00,3256.00,2329.00,22478.00,15847.00,605.00,2104.00,0.87,0.63,14.70,19.79,13.35,61.43,0.04,0.15,7.12,1.31,69.59,BBB
Hero MotoCorp,Auto,HEROMOTOCO,2023,34158.00,4796.00,4099.00,2800.00,23917.00,16656.00,568.00,2614.00,0.96,0.70,16.81,23.80,14.04,39.04,0.03,0.12,7.65,1.43,72.26,A
Hero MotoCorp,Auto,HEROMOTOCO,2024,37789.00,5992.00,5235.00,3742.00,26153.00,17699.00,606.00,4923.00,0.85,0.63,21.14,28.60,15.86,68.88,0.03,0.10,13.03,1.44,78.92,A
Hero MotoCorp,Auto,HEROMOTOCO,2025,40923.00,6614.00,5789.00,4376.00,28390.00,19272.00,700.00,4297.00,0.86,0.62,22.71,28.99,16.16,81.54,0.04,0.11,10.50,1.44,78.92,A
Mahindra & Mahindra,Auto,M&M,2021,74278.00,14865.00,11487.00,1512.00,164968.00,41582.00,80625.00,17909.00,2.50,2.28,3.64,9.40,20.01,1.88,1.94,5.42,24.11,0.45,66.66,BBB
Mahindra & Mahindra,Auto,M&M,2022,90171.00,18191.00,14683.00,7253.00,172388.00,47123.00,77605.00,9248.00,2.30,2.06,15.39,11.77,20.17,2.93,1.65,4.27,10.26,0.52,73.51,A
Mahindra & Mahindra,Auto,M&M,2023,121362.00,24682.00,20325.00,11374.00,204283.00,56366.00,92647.00,-7074.00,2.50,2.19,20.18,13.64,20.34,3.49,1.64,3.75,-5.83,0.59,58.84,BB
Mahindra & Mahindra,Auto,M&M,2024,139078.00,29616.00,24892.00,12270.00,234722.00,66190.00,108647.00,-5630.00,2.73,2.42,18.54,14.24,21.29,3.32,1.64,3.67,-4.05,0.59,57.51,BB
Mahindra & Mahindra,Auto,M&M,2025,159211.00,36592.00,30518.00,14073.00,276013.00,77039.00,129025.00,3176.00,2.74,2.45,18.27,14.81,22.98,3.36,1.67,3.53,1.99,0.58,65.51,BBB
Maruti Suzuki India,Auto,MARUTI,2021,70372.00,8445.00,5411.00,4389.00,71376.00,52501.00,541.00,8856.00,0.65,0.49,8.36,10.20,12.00,53.05,0.01,0.06,12.58,0.99,60.79,BBB
Maruti Suzuki India,Auto,MARUTI,2022,88330.00,8541.00,5752.00,3880.00,74656.00,55333.00,426.00,1840.00,0.84,0.66,7.01,10.32,9.67,45.29,0.01,0.05,2.08,1.18,61.58,BBB
Maruti Suzuki India,Auto,MARUTI,2023,117571.00,13855.00,11029.00,8211.00,84597.00,61791.00,1247.00,9251.00,0.68,0.48,13.29,17.50,11.78,58.98,0.02,0.09,7.87,1.39,61.46,BBB
Maruti Suzuki India,Auto,MARUTI,2024,141858.00,23882.00,18626.00,13488.00,115304.00,85636.00,119.00,16801.00,0.76,0.58,15.75,21.72,16.84,96.01,0.00,0.00,11.84,1.23,69.46,BBB
Maruti Suzuki India,Auto,MARUTI,2025,152913.00,25832.00,20224.00,14500.00,131971.00,96240.00,87.00,16136.00,0.70,0.50,15.07,21.00,16.89,104.25,0.00,0.00,10.55,1.16,69.46,BBB
Britannia Industries,FMCG,BRITANNIA,2021,13136.00,2707.00,2509.00,1851.00,8000.00,3548.00,2107.00,1851.00,1.41,0.95,52.17,44.37,20.61,22.60,0.59,0.78,14.09,1.64,89.33,AA
Britannia Industries,FMCG,BRITANNIA,2022,14136.00,2402.00,2201.00,1516.00,7527.00,2558.00,2481.00,1300.00,1.40,0.85,59.27,43.67,16.99,15.28,0.97,1.03,9.20,1.88,82.33,AA
Britannia Industries,FMCG,BRITANNIA,2023,16301.00,3057.00,2831.00,2316.00,9351.00,3534.00,2997.00,2526.00,1.16,0.74,65.53,43.34,18.75,16.75,0.85,0.98,15.50,1.74,85.75,AA
Britannia Industries,FMCG,BRITANNIA,2024,16769.00,3467.00,3167.00,2134.00,9072.00,3941.00,2065.00,2573.00,1.09,0.71,54.15,52.72,20.68,19.31,0.52,0.60,15.34,1.85,87.08,AA
Britannia Industries,FMCG,BRITANNIA,2025,17943.00,3489.00,3176.00,2178.00,8837.00,4356.00,1247.00,2491.00,0.92,0.54,50.00,56.69,19.44,22.85,0.29,0.36,13.88,2.03,77.79,A
Colgate-Palmolive (India),FMCG,COLPAL,2021,4841.00,1692.00,1510.00,1035.00,2894.00,1166.00,91.00,784.00,1.02,0.81,88.77,120.13,34.95,215.71,0.08,0.05,16.20,1.67,92.50,AAA
Colgate-Palmolive (India),FMCG,COLPAL,2022,5100.00,1743.00,1566.00,1078.00,2902.00,1734.00,83.00,1626.00,1.68,1.35,62.17,86.14,34.18,261.00,0.05,0.05,31.88,1.76,100.00,AAA
Colgate-Palmolive (India),FMCG,COLPAL,2023,5226.00,1722.00,1547.00,1047.00,2883.00,1716.00,69.00,1176.00,1.74,1.43,61.01,86.67,32.95,309.40,0.04,0.04,22.50,1.81,100.00,AAA
Colgate-Palmolive (India),FMCG,COLPAL,2024,5680.00,2073.00,1901.00,1324.00,3197.00,1874.00,72.00,1199.00,1.83,1.60,70.65,97.64,36.50,380.20,0.04,0.03,21.11,1.78,100.00,AAA
Colgate-Palmolive (India),FMCG,COLPAL,2025,6040.00,2121.00,1958.00,1437.00,3019.00,1664.00,61.00,1394.00,1.70,1.41,86.36,113.44,35.12,489.50,0.04,0.03,23.08,2.00,100.00,AAA
Dabur India,FMCG,DABUR,2021,9562.00,2242.00,2002.00,1695.00,10833.00,7664.00,509.00,2115.00,1.61,0.96,22.12,24.50,23.45,64.58,0.07,0.23,22.12,0.88,93.50,AAA
Dabur India,FMCG,DABUR,2022,10889.00,2505.00,2252.00,1742.00,12284.00,8382.00,1030.00,1802.00,1.25,0.58,20.78,23.93,23.00,57.74,0.12,0.41,16.55,0.89,84.12,AA
Dabur India,FMCG,DABUR,2023,11530.00,2473.00,2162.00,1701.00,13652.00,8973.00,1174.00,1488.00,1.04,0.46,18.96,21.31,21.45,27.72,0.13,0.47,12.91,0.84,76.29,A
Dabur India,FMCG,DABUR,2024,12404.00,2799.00,2400.00,1811.00,15116.00,9866.00,1365.00,2013.00,1.06,0.56,18.36,21.37,22.57,19.35,0.14,0.49,16.23,0.82,80.29,AA
Dabur India,FMCG,DABUR,2025,12563.00,2762.00,2316.00,1740.00,16230.00,10800.00,950.00,1987.00,1.03,0.51,16.11,19.71,21.99,14.12,0.09,0.34,15.82,0.77,78.96,A
Hindustan Unilever,FMCG,HINDUNILVR,2021,47028.00,12700.00,11626.00,7999.00,68740.00,47674.00,0.00,9163.00,0.66,0.49,16.78,24.39,27.01,99.37,0.00,0.00,19.48,0.68,70.79,A
Hindustan Unilever,FMCG,HINDUNILVR,2022,52446.00,13948.00,12857.00,8892.00,70506.00,49061.00,1043.00,9048.00,0.70,0.50,18.12,25.66,26.59,121.29,0.02,0.07,17.25,0.74,72.79,A
Hindustan Unilever,FMCG,HINDUNILVR,2023,60580.00,15284.00,14147.00,10143.00,73077.00,50304.00,1219.00,9991.00,0.76,0.56,20.16,27.46,25.23,124.10,0.02,0.08,16.49,0.83,74.12,A
Hindustan Unilever,FMCG,HINDUNILVR,2024,61896.00,15875.00,14659.00,10282.00,78489.00,51218.00,1484.00,15469.00,0.74,0.58,20.07,27.81,25.65,43.89,0.03,0.09,24.99,0.79,74.12,A
Hindustan Unilever,FMCG,HINDUNILVR,2025,61328.00,15951.00,14698.00,10671.00,79863.00,49402.00,1648.00,11886.00,0.72,0.57,21.60,28.79,26.01,38.58,0.03,0.10,19.38,0.77,74.12,A
ITC,FMCG,ITC,2021,49257.00,18711.00,17065.00,13383.00,73761.00,60347.00,271.00,12527.00,1.64,0.85,22.18,28.15,37.99,294.22,0.00,0.01,25.43,0.67,91.50,AAA
ITC,FMCG,ITC,2022,60645.00,22355.00,20623.00,15503.00,77196.00,62455.00,249.00,15776.00,1.72,0.97,24.82,32.89,36.86,343.72,0.00,0.01,26.01,0.79,93.50,AAA
ITC,FMCG,ITC,2023,70919.00,27513.00,25704.00,19477.00,85831.00,69155.00,306.00,18878.00,1.68,0.96,28.16,37.00,38.79,329.54,0.00,0.01,26.62,0.83,93.50,AAA
ITC,FMCG,ITC,2024,67932.00,26706.00,25188.00,20751.00,91754.00,74507.00,303.00,17179.00,1.77,0.93,27.85,33.67,39.31,645.85,0.00,0.01,25.29,0.74,93.50,AAA
ITC,FMCG,ITC,2025,75323.00,27478.00,25832.00,35052.00,88003.00,70030.00,285.00,17627.00,1.71,0.83,50.05,36.74,36.48,574.04,0.00,0.01,23.40,0.86,93.50,AAA
APL Apollo Tubes,Steel,APLAPOLLO,2021,8500.00,782.00,679.00,408.00,3399.00,1695.00,520.00,977.00,1.31,0.67,24.07,30.65,9.20,10.29,0.31,0.66,11.49,2.50,83.25,AA
APL Apollo Tubes,Steel,APLAPOLLO,2022,13063.00,1055.00,946.00,619.00,4452.00,2464.00,581.00,652.00,1.44,0.83,25.12,31.07,8.08,21.50,0.24,0.55,4.99,2.93,79.00,A
APL Apollo Tubes,Steel,APLAPOLLO,2023,16166.00,1160.00,1022.00,642.00,5852.00,3005.00,873.00,691.00,1.42,0.67,21.36,26.35,7.18,15.25,0.29,0.75,4.27,2.76,75.25,A
APL Apollo Tubes,Steel,APLAPOLLO,2024,18119.00,1369.00,1193.00,732.00,7187.00,3605.00,1144.00,1112.00,1.48,0.80,20.31,25.12,7.56,10.56,0.32,0.84,6.14,2.52,79.25,A
APL Apollo Tubes,Steel,APLAPOLLO,2025,20690.00,1400.00,1199.00,757.00,7596.00,4209.00,634.00,1213.00,1.26,0.67,17.99,24.76,6.77,9.02,0.15,0.45,5.86,2.72,77.92,A
Jindal Steel & Power,Steel,JINDALSTEL,2021,34579.00,15521.00,13107.00,4267.00,77840.00,31815.00,29910.00,11961.00,1.28,0.91,13.41,21.23,44.89,4.76,0.94,1.93,34.59,0.44,81.32,AA
Jindal Steel & Power,Steel,JINDALSTEL,2022,51166.00,17656.00,15559.00,6766.00,76644.00,35625.00,13502.00,16048.00,1.02,0.76,18.99,31.67,34.51,8.24,0.38,0.76,31.36,0.67,81.42,AA
Jindal Steel & Power,Steel,JINDALSTEL,2023,53212.00,12633.00,9942.00,3974.00,69427.00,38706.00,13046.00,7347.00,0.97,0.63,10.27,19.21,23.74,6.88,0.34,1.03,13.81,0.77,70.91,A
Jindal Steel & Power,Steel,JINDALSTEL,2024,50354.00,13024.00,10202.00,5943.00,78676.00,44316.00,16472.00,6008.00,1.11,0.71,13.41,16.78,25.86,7.88,0.37,1.26,11.93,0.64,71.41,A
Jindal Steel & Power,Steel,JINDALSTEL,2025,50129.00,12256.00,9488.00,2846.00,85766.00,47185.00,18406.00,10824.00,0.88,0.61,6.03,14.47,24.45,7.23,0.39,1.50,21.59,0.58,70.24,A
JSW Steel,Steel,JSWSTEEL,2021,79839.00,24857.00,20178.00,7873.00,147163.00,45610.00,66727.00,18831.00,1.21,0.80,17.26,17.96,31.13,5.10,1.46,2.68,23.59,0.54,75.09,A
JSW Steel,Steel,JSWSTEEL,2022,146371.00,45115.00,39114.00,20938.00,196485.00,67297.00,72237.00,26270.00,1.31,0.72,31.11,28.03,30.82,7.87,1.07,1.60,17.95,0.74,79.75,A
JSW Steel,Steel,JSWSTEEL,2023,165960.00,25944.00,18470.00,4139.00,210539.00,65695.00,80853.00,23323.00,1.24,0.72,6.30,12.60,15.63,2.68,1.23,3.12,14.05,0.79,62.76,BBB
JSW Steel,Steel,JSWSTEEL,2024,175006.00,36329.00,28157.00,8973.00,227898.00,77669.00,87984.00,12078.00,1.26,0.65,11.55,17.00,20.76,3.47,1.13,2.42,6.90,0.77,65.25,BBB
JSW Steel,Steel,JSWSTEEL,2025,168824.00,32034.00,22725.00,3491.00,240445.00,79496.00,98752.00,20899.00,1.28,0.72,4.39,12.75,18.97,2.70,1.24,3.08,12.38,0.70,60.09,BBB
Steel Authority of India,Steel,SAIL,2021,69114.00,16879.00,12776.00,4148.00,118090.00,45407.00,37677.00,23430.00,1.09,0.64,9.14,15.38,24.42,4.54,0.83,2.23,33.90,0.59,72.41,A
Steel Authority of India,Steel,SAIL,2022,103477.00,25638.00,21363.00,12243.00,120381.00,54212.00,17284.00,30987.00,0.78,0.38,22.58,29.88,24.78,12.58,0.32,0.67,29.95,0.86,71.00,A
Steel Authority of India,Steel,SAIL,2023,104448.00,13002.00,8038.00,2177.00,130782.00,54747.00,30773.00,-5290.00,1.06,0.44,3.98,9.40,12.45,3.95,0.56,2.37,-5.06,0.80,40.78,B
Steel Authority of India,Steel,SAIL,2024,105378.00,16427.00,11149.00,3067.00,141022.00,57102.00,36323.00,2911.00,1.22,0.52,5.37,11.93,15.59,4.51,0.64,2.21,2.76,0.75,59.11,BB
Steel Authority of India,Steel,SAIL,2025,102479.00,16341.00,10690.00,2372.00,136718.00,58906.00,36934.00,9914.00,1.25,0.53,4.03,11.15,15.95,3.83,0.63,2.26,9.67,0.75,57.94,BB
Tata Steel,Steel,TATASTEEL,2021,156477.00,39738.00,30504.00,8190.00,243909.00,74239.00,88501.00,44327.00,0.97,0.56,11.03,18.74,25.40,4.01,1.19,2.23,28.33,0.64,65.62,BBB
Tata Steel,Steel,TATASTEEL,2022,243959.00,72591.00,63490.00,41749.00,282422.00,114443.00,75561.00,44381.00,1.23,0.70,36.48,33.41,29.76,11.62,0.66,1.04,18.19,0.86,83.91,AA
Tata Steel,Steel,TATASTEEL,2023,243353.00,41635.00,32300.00,8075.00,285396.00,103082.00,84893.00,21683.00,1.02,0.46,7.83,17.18,17.11,5.13,0.82,2.04,8.91,0.85,61.95,BBB
Tata Steel,Steel,TATASTEEL,2024,229171.00,32130.00,22248.00,-4910.00,269312.00,92035.00,87082.00,20301.00,0.89,0.34,-5.33,12.42,14.02,2.96,0.95,2.71,8.86,0.85,48.49,B
Tata Steel,Steel,TATASTEEL,2025,218543.00,35719.00,25298.00,3174.00,275459.00,91169.00,94801.00,23138.00,0.86,0.36,3.48,13.60,16.34,3.45,1.04,2.65,10.59,0.79,51.33,BB
Bharti Airtel,Telecom,BHARTIARTL,2021,100616.00,74683.00,45279.00,-12364.00,344417.00,58953.00,162785.00,48205.00,0.71,0.71,-20.97,20.42,74.23,3.00,2.76,2.18,47.91,0.29,52.49,BB
Bharti Airtel,Telecom,BHARTIARTL,2022,116547.00,90625.00,57534.00,8305.00,361207.00,66554.00,169678.00,55017.00,0.65,0.65,12.48,24.35,77.76,3.46,2.55,1.87,47.21,0.32,56.49,BB
Bharti Airtel,Telecom,BHARTIARTL,2023,139145.00,107706.00,71274.00,12287.00,444557.00,77563.00,226020.00,65325.00,0.60,0.60,15.84,23.48,77.41,3.69,2.91,2.10,46.95,0.31,57.83,BB
Bharti Airtel,Telecom,BHARTIARTL,2024,149982.00,117431.00,77893.00,8558.00,442019.00,82019.00,215592.00,78898.00,0.62,0.62,10.43,26.17,78.30,3.44,2.63,1.84,52.60,0.34,56.49,BB
Bharti Airtel,Telecom,BHARTIARTL,2025,172985.00,130630.00,85060.00,37481.00,505006.00,113672.00,213642.00,98332.00,0.56,0.56,32.97,25.99,75.52,3.91,1.88,1.64,56.84,0.34,58.12,BB
Indus Towers,Telecom,INDUSTOWER,2021,13954.00,10027.00,7179.00,3779.00,44944.00,15877.00,21576.00,7481.00,1.41,1.41,23.80,19.17,71.86,8.59,1.36,2.15,53.61,0.31,80.34,AA
Indus Towers,Telecom,INDUSTOWER,2022,27717.00,20226.00,14901.00,6373.00,47968.00,22151.00,19726.00,9121.00,2.35,2.35,28.77,35.58,72.97,9.30,0.89,0.98,32.91,0.58,92.33,AAA
Indus Towers,Telecom,INDUSTOWER,2023,28382.00,14993.00,9669.00,2040.00,46572.00,21110.00,19185.00,7905.00,2.16,2.16,9.66,24.00,52.83,5.79,0.91,1.28,27.85,0.61,84.99,AA
Indus Towers,Telecom,INDUSTOWER,2024,28601.00,20617.00,14557.00,6036.00,55868.00,27039.00,20531.00,11582.00,1.95,1.95,22.32,30.60,72.08,7.81,0.76,1.00,40.50,0.51,90.66,AAA
Indus Towers,Telecom,INDUSTOWER,2025,30123.00,27052.00,20650.00,9932.00,63168.00,32498.00,21156.00,19645.00,1.76,1.76,30.56,38.49,89.81,11.11,0.65,0.78,65.22,0.48,92.33,AAA
MTNL,Telecom,MTNL,2021,1388.00,968.00,75.00,-2461.00,13400.00,-16045.00,25600.00,-225.00,1.81,1.80,,0.78,69.74,0.04,,26.45,-16.21,0.10,31.66,C/D
MTNL,Telecom,MTNL,2022,1149.00,468.00,-304.00,-2603.00,12342.00,-18668.00,26820.00,704.00,1.59,1.58,,-3.73,40.73,-0.14,,57.31,61.27,0.09,51.66,BB
MTNL,Telecom,MTNL,2023,935.00,296.00,-434.00,-2915.00,11672.00,-20855.00,28351.00,64.00,1.59,1.58,,-5.79,31.66,-0.18,,95.78,6.84,0.08,43.66,B
MTNL,Telecom,MTNL,2024,799.00,184.00,-482.00,-3268.00,10745.00,-23644.00,30141.00,130.00,1.49,1.48,,-7.42,23.03,-0.18,,163.81,16.27,0.07,49.16,B
MTNL,Telecom,MTNL,2025,698.00,142.00,-470.00,-3328.00,10253.00,-26919.00,32441.00,340.00,1.35,1.35,,-8.51,20.34,-0.16,,228.46,48.71,0.07,49.16,B
Tata Communications,Telecom,TATACOMM,2021,17100.00,6575.00,4261.00,1252.00,21306.00,115.00,11394.00,3180.00,0.72,0.72,1088.70,37.02,38.45,10.15,99.08,1.73,18.60,0.80,67.25,BBB
Tata Communications,Telecom,TATACOMM,2022,16725.00,6432.00,4227.00,1485.00,19638.00,928.00,9122.00,4204.00,0.66,0.65,160.02,42.06,38.46,11.74,9.83,1.42,25.14,0.85,67.25,BBB
Tata Communications,Telecom,TATACOMM,2023,17838.00,6580.00,4318.00,1801.00,20519.00,1518.00,8577.00,4384.00,0.66,0.65,118.64,42.77,36.89,10.00,5.65,1.30,24.58,0.87,67.25,BBB
Tata Communications,Telecom,TATACOMM,2024,20969.00,6700.00,4230.00,970.00,24365.00,1786.00,11263.00,3182.00,0.70,0.70,54.31,32.42,31.95,6.57,6.31,1.68,15.17,0.86,65.58,BBB
Tata Communications,Telecom,TATACOMM,2025,23109.00,7161.00,4569.00,1837.00,26444.00,3021.00,12357.00,2911.00,0.79,0.77,60.81,29.71,30.99,6.27,4.09,1.73,12.60,0.87,61.58,BBB
Vodafone Idea,Telecom,IDEA,2021,41952.00,40584.00,16946.00,-44233.00,203478.00,-38228.00,201720.00,15640.00,0.88,0.88,,10.37,96.74,0.94,,4.97,37.28,0.21,49.83,B
Vodafone Idea,Telecom,IDEA,2022,38516.00,39552.00,15968.00,-28245.00,194029.00,-61965.00,213761.00,17387.00,0.87,0.87,,10.52,102.69,0.76,,5.40,45.14,0.20,47.74,B
Vodafone Idea,Telecom,IDEA,2023,42177.00,39803.00,16753.00,-29301.00,207243.00,-74359.00,237766.00,18869.00,0.76,0.75,,10.25,94.37,0.72,,5.97,44.74,0.20,38.99,C/D
Vodafone Idea,Telecom,IDEA,2024,42652.00,39706.00,17072.00,-31238.00,184997.00,-104167.00,243809.00,20826.00,0.59,0.59,,12.23,93.09,0.66,,6.14,48.83,0.23,35.86,C/D
Vodafone Idea,Telecom,IDEA,2025,43571.00,40022.00,18049.00,-27383.00,197855.00,-70320.00,233229.00,9291.00,1.10,1.10,,11.08,91.85,0.74,,5.83,21.32,0.22,50.24,BB
